{
    "name": "",
    "url": "",
    "showName": "",
    "appid": "",
    "icon": "",
    "iconRound": true,
    "state": true,
    "single": true,
    "injectJq": true,
    "tauriApi": false,
    "devbug": false,
    "version": "0.0.1",
    "preview": "desktop",
    "platform": ["1-1", "1-2", "2-1", "2-2"],
    "width": 800,
    "height": 600,
    "desc": "",
    "jsFile": [],
    "filterCss": "",
    "customJs": "",
    "isHtml": false,
    "htmlPath": "",
    "htmlFiles": [],
    "prefix": "",
    "pcRepo": "",
    "iosRepo": "",
    "androidRepo": "",
    "more": {
        "windows": {
            "label": "",
            "title": "",
            "url": "",
            "userAgent": "Mozilla/5.0 (Macintosh; Intel Mac OS X 10_15_7) AppleWebKit/537.36 (KHTML, like Gecko) Chrome/130.0.0.0 Safari/537.36",
            "width": 800,
            "height": 600,
            "theme": null,
            "resizable": true,
            "fullscreen": false,
            "maximized": false,
            "minWidth": 400,
            "minHeight": 300,
            "maxWidth": 1920,
            "maxHeight": 1080,
            "decorations": true,
            "transparent": false,
            "titleBarStyle": "Visible",
            "visible": true,
            "focus": true,
            "closable": true,
            "minimizable": true,
            "maximizable": true,
            "alwaysOnTop": false,
            "alwaysOnBottom": false,
            "center": false,
            "skipTaskbar": false,
            "tabbingIdentifier": null,
            "parent": null,
            "dragDropEnabled": true,
            "browserExtensionsEnabled": false,
            "devtools": true,
            "contentProtected": false,
            "hiddenTitle": false,
            "incognito": false,
            "proxyUrl": null,
            "useHttpsScheme": false,
            "zoomHotkeysEnabled": false,
            "acceptFirstMouse": false,
            "create": false
        }
    },
    "phone": {
        "safeArea": {
            "top": 0,
            "bottom": 0,
            "left": 0,
            "right": 0
        },
        "header": {
            "show": false,
            "title": "",
            "backgroundColor": "",
            "color": "",
            "fontSize": 16,
            "fontWeight": "bold",
            "loading": false,
            "toolBar": false,
            "toolBarBackgroundColor": "",
            "toolBarColor": "",
            "toolBarFontSize": 16,
            "toolBarFontWeight": "bold"
        },
        "siderMenu": {
            "show": false,
            "width": 0,
            "backgroundColor": "",
            "color": "",
            "fontSize": 16,
            "fontWeight": "bold",
            "title": "",
            "titleColor": "",
            "titleFontSize": 16,
            "titleFontWeight": "bold"
        },
        "tabBar": {
            "show": false,
            "backgroundColor": "",
            "color": "",
            "activeColor": "",
            "fontSize": 16,
            "fontWeight": "bold",
            "tabBarItem": []
        },
        "webview": {
            "userAgent": "",
            "javaScriptEnabled": true,
            "domStorageEnabled": true,
            "allowFileAccess": true,
            "loadWithOverviewMode": true,
            "setSupportZoom": true,
            "clearCache": true
        }
    },
    "ios": {
        "name": "PakePlus",
        "showName": "PakePlus",
        "version": "0.0.1",
        "webUrl": "https://juejin.cn/",
        "id": "com.xiaoshen.pakeplus.ios",
        "icon": "./app-icon.png",
        "desc": "Package for personal use only, please do not use for commercial purposes（打包仅限个人使用，请勿传播或商业用途）",
        "pubBody": "Package for personal use only, please do not use for commercial purposes（打包仅限个人使用，请勿传播或商业用途）",
        "isHtml": false,
        "debug": false,
        "safeArea": "all"
    },
    "android": {
        "name": "PakePlus",
        "showName": "PakePlus",
        "version": "0.0.1",
        "webUrl": "https://juejin.cn/",
        "id": "com.pakeplus.android",
        "icon": "./app-icon.png",
        "input": "./app-icon.png",
        "output": "./res",
        "rounded": true,
        "copyTo": "./app/src/main/res",
        "androidResDir": "./app/src/main/res",
        "desc": "Package for personal use only, please do not use for commercial purposes（打包仅限个人使用，请勿传播或商业用途）",
        "pubBody": "Package for personal use only, please do not use for commercial purposes（打包仅限个人使用，请勿传播或商业用途）",
        "isHtml": false,
        "debug": false,
        "safeArea": "all"
    },
    "desktop": {
        "name": "PakePlus",
        "showName": "PakePlus",
        "version": "0.0.2",
        "id": "com.pakeplus.app",
        "desc": "Package for personal use only, please do not use for commercial purposes（打包仅限个人使用，请勿传播或商业用途，否则后果自负）",
        "webUrl": "https://juejin.cn/",
        "iconPath": "../app-icon.png",
        "inputPath": "../app-icon.png",
        "tempPath": "./processed-image.png",
        "icnsPath": "../src-tauri/icons/icon.icns",
        "pubBody": "Package for personal use only, please do not use for commercial purposes（打包仅限个人使用，请勿传播或商业用途，否则后果自负）",
        "isHtml": false,
        "single": true,
        "state": true,
        "injectJq": false,
        "tauriApi": false,
        "buildMethod": "local",
        "debug": false
    }
}
