{
    "drawer": {
        "avatarEnabled": false,
        "enabled": false,
        "list": [],
        "wallpaperEnabled": false
    },
    "fab": { "enabled": false, "src": "add" },
    "toolbar": {
        "autoHide": false,
        "enabled": true,
        "homeButtonEnabled": false,
        "menus": [],
        "searchEnabled": false,
        "style": 0,
        "subTitle": "",
        "title": "AppBar"
    },
    "viewPager": {
        "indGravity": 0,
        "indStyle": 0,
        "offscreenPageLimit": 0,
        "pages": [],
        "userInputEnabled": false
    },
    "webView": {
        "colorMode": false,
        "darkMode": 1,
        "javaScriptEnabled": true,
        "openOtherPageWays": 2,
        "pcMode": false,
        "userAgent": "default"
    }
}
