{"nightMode":true,"statusBarDark":false,"colors":{"colorPrimary":"#1c1c1c","colorAccent":"#03DAC5","textColorPrimary":"#ffffff","textColorSecondary":"#757575","windowBackground":"#444444"},"drawerStyle":{"itemTextColor":"#ffffff","itemIconTint":"#ffc8c8c8","dividerColor":"#e1a5a5a5","avatarSize":64,"avatarCornerSize":50,"headerMainTextSize":18,"headerMainTextBold":false,"headerSecondaryTextSize":14,"width":80},"indicatorStyle":{"lineColors":["#EFDC05","#2b90d9","#fe4365","#ff7473"],"titleNormalColor":"#ffffff","titleSelectedColor":"#03DAC5","textSize":15},"toolbarStyle":{"toolbarTextColor":"#ffffff","searchBarTextColor":"#ffffff","searchBarBackgroundColor":"#444444","toolbarTitleSize":20,"toolbarSubtitleSize":12,"toolbarTitleBold":false}}